5120;81
5121;81
5123;81
5125;81
5128;81
5129;81
5259;81
5259;81
5260;81
5974;81
6003;81
6027;81
6043;81
6044;81
6046;81
6049;81
6051;81
6053;81
6055;81
6058;81
6060;81
7046;81
7121;81
7160;81
7161;81
7162;81
7163;81
7164;81
7165;81
7166;81
7167;81
7171;81
7180;81
7181;81
7182;81
7183;81
7184;81
7317;81
7318;81
7319;81
7331;81
7332;81
7391;81
7393;81
8082;81
8087;81
8088;81
8141;81
8142;81
8172;81
8174;81
8175;81
8176;81
8182;81
8188;81
8195;81
8197;81
8198;81
8202;81
8203;81
8209;81
8215;81
8225;81
8227;81
8228;81
8235;81
8254;81
8263;81
8271;81
8427;81
8447;81
8449;81
8450;81
8473;81
8481;81
8484;81
8485;81
8486;81
8489;81
8494;81
8512;81
8515;81
8533;81
8543;81
8545;81
8547;81
8555;81
8558;81
8560;81
8563;81
8565;81
8567;81
8570;81
8571;81
8572;81
8573;81
8574;81
8575;81
8577;81
8582;81
8583;81
8584;81
8585;81
8586;81
8587;81
8588;81
8593;81
8614;81
8622;81
9084;81
9110;81
9114;81
9146;81
9147;81
9164;81
9215;81
9216;81
9217;81
9218;81
9219;81
9220;81
9221;81
5122;82
5127;82
5299;82
5301;82
5310;82
5320;82
5330;82
5415;82
5420;82
5448;82
5450;82
5452;82
5453;82
5455;82
5458;82
5463;82
5464;82
5493;82
5495;82
5497;82
5567;82
5574;82
5576;82
5578;82
5581;82
5590;82
5595;82
5620;82
5629;82
5715;82
5717;82
5730;82
5800;82
5838;82
5859;82
5877;82
5878;82
5881;82
5882;82
6551;82
6555;82
6556;82
6627;82
6628;82
6629;82
6630;82
6631;82
6635;82
6636;82
6639;82
6641;82
6645;82
6648;82
6649;82
6651;82
6653;82
6657;82
6658;82
6659;82
6660;82
6675;82
6678;82
6679;82
6680;82
6682;82
6683;82
6684;82
6685;82
6686;82
6687;82
6688;82
6689;82
6690;82
6694;82
6696;82
6699;82
6709;82
6713;82
6714;82
6715;82
6716;82
6717;82
6718;82
6722;82
6723;82
6724;82
6725;82
6726;82
6727;82
6745;82
6760;82
6764;82
6765;82
6766;82
6767;82
6768;82
6769;82
6770;82
6771;82
6773;82
6774;82
6775;82
6778;82
6809;82
6814;82
6815;82
6816;82
6855;82
6857;82
6863;82
7055;82
7191;82
7192;82
7195;82
7196;82
7197;82
7198;82
7199;82
7206;82
7207;82
7208;82
7212;82
7213;82
7220;82
7221;82
7222;82
7223;82
7224;82
7225;82
7226;82
7227;82
7228;82
7232;82
7233;82
7234;82
7236;82
7238;82
7239;82
7240;82
7243;82
7244;82
7245;82
7246;82
7260;82
7261;82
7262;82
7263;82
7264;82
7265;82
7266;82
7267;82
7268;82
7269;82
7270;82
7271;82
7272;82
7274;82
7275;82
7277;82
7278;82
7280;82
7281;82
7282;82
7287;82
7288;82
7290;82
7291;82
7308;82
7320;82
7333;82
7340;82
7348;82
7350;82
7356;82
7357;82
7374;82
7378;82
7784;82
7958;82
7962;82
7963;82
7964;82
7965;82
7970;82
7971;82
9053;82
9190;82
9191;82
9193;82
9208;82
9251;82
9257;82
9265;82
9266;82
9272;82
9291;82
9294;82
9295;82
9296;82
9300;82
9303;82
9304;82
9305;82
9306;82
9317;82
9328;82
9329;82
9337;82
9339;82
9340;82
9341;82
9343;82
6817;90
6867;90
6947;90
6948;90
5752;91
5760;91
5799;91
5804;91
5808;91
5809;91
5812;91
5814;91
5819;91
5822;91
5827;91
5830;91
5833;91
5835;91
5836;91
5839;91
5854;91
5855;91
5856;91
5857;91
5860;91
5861;91
5864;91
5865;91
5868;91
5870;91
5872;91
5874;91
5876;91
5879;91
5884;91
5887;91
5888;91
5890;91
5894;91
5898;91
5899;91
5900;91
5903;91
9364;91
9365;91
9366;91
9381;91
9451;91
9868;91
9881;91
9884;91
9885;91
9886;91
9888;91
9889;91
9890;91
9891;91
9892;91
9893;91
9894;91
9897;91
9899;91
5761;89
6922;89
6923;89
6924;89
8602;89
8638;89
8659;89
8663;89
8664;89
8665;89
6914;92
7408;92
7410;92
7411;92
7420;92
7431;92
7432;92
7436;92
7441;92
7457;92
7458;92
7460;92
7462;92
7785;92
7787;92
7788;92
7790;92
7795;92
7797;92
7803;92
7805;92
7806;92
7816;92
7818;92
7820;92
7834;92
9672;92
9680;92
9712;92
9766;92
5445;66
5526;66
5527;66
5529;66
5530;66
5535;66
6083;66
6194;66
6200;66
6223;66
6285;66
6312;66
6348;66
6379;66
6380;66
6382;66
6383;66
6387;66
6399;66
6435;66
6477;66
6482;66
6483;66
6500;66
6511;66
7060;66
7064;66
8969;66
9052;66
5744;67
5748;67
6171;67
6196;67
6201;67
6221;67
6222;67
6299;67
6300;67
6301;67
6309;67
6310;67
6313;67
6376;67
6413;67
6440;67
6452;67
6501;67
6532;67
6540;67
6609;67
6610;67
6611;67
6634;67
6720;67
6762;67
7100;67
7101;67
7102;67
7106;67
7119;67
8949;67
9010;67
9021;67
9049;67
9078;67
9079;67
9132;67
9156;67
9159;67
9209;67
9246;67
9288;67
5418;72
5440;72
5441;72
5457;72
5468;72
5487;72
5492;72
5558;72
5559;72
5716;72
5720;72
5729;72
5732;72
5736;72
5737;72
5742;72
5958;72
5960;72
5962;72
5964;72
5967;72
5969;72
5971;72
5973;72
5976;72
5978;72
5980;72
5982;72
5984;72
5986;72
5988;72
5990;72
5992;72
5994;72
5996;72
5998;72
6000;72
6002;72
6005;72
6007;72
6009;72
6013;72
6015;72
6017;72
6019;72
6021;72
6024;72
6026;72
6031;72
6034;72
6037;72
6039;72
6041;72
6042;72
6045;72
6047;72
6048;72
6050;72
6052;72
6054;72
6056;72
6059;72
6061;72
6995;72
6997;72
7065;72
7136;72
7144;72
7145;72
7146;72
7169;72
7189;72
7190;72
7201;72
7202;72
7209;72
7210;72
7211;72
7214;72
7215;72
7218;72
7343;72
7782;72
8065;72
8066;72
8126;72
9031;72
9041;72
9072;72
9082;72
9099;72
9115;72
9125;72
9177;72
9186;72
9187;72
9188;72
9239;72
9240;72
9242;72
9244;72
9247;72
9259;72
9260;72
9273;72
9338;72
9342;72
5614;93
5615;93
5616;93
5621;93
5623;93
5626;93
5627;93
5634;93
5637;93
5639;93
5641;93
5642;93
5643;93
5645;93
5650;93
5652;93
5656;93
5658;93
5663;93
5674;93
5675;93
5676;93
5680;93
5682;93
5686;93
5690;93
5693;93
5414;71
5525;71
5528;71
5531;71
5532;71
5533;71
5534;71
5536;71
5537;71
5538;71
5557;71
5710;71
5714;71
5773;71
5774;71
5775;71
5776;71
5777;71
6065;71
6066;71
6067;71
6068;71
6069;71
6070;71
6071;71
6072;71
6073;71
6074;71
6075;71
6076;71
6078;71
6276;71
6277;71
6303;71
6304;71
6315;71
6316;71
6324;71
6338;71
6352;71
6353;71
6354;71
6355;71
6358;71
6389;71
6437;71
6441;71
6443;71
6444;71
6445;71
6446;71
6516;71
6569;71
6626;71
6632;71
7036;71
7092;71
7093;71
7094;71
7773;71
7774;71
7906;71
7907;71
7908;71
7909;71
7910;71
7913;71
7947;71
7952;71
7967;71
8303;71
8305;71
8360;71
8371;71
8386;71
8421;71
8466;71
8492;71
8493;71
8499;71
8500;71
8502;71
8506;71
8517;71
8518;71
8522;71
8553;71
8554;71
8589;71
8599;71
8600;71
8606;71
8609;71
8611;71
8742;71
8747;71
8750;71
8753;71
8998;71
9050;71
9058;71
9059;71
9062;71
9063;71
9065;71
9070;71
9083;71
9096;71
9109;71
9111;71
9116;71
9117;71
9119;71
9130;71
9176;71
9194;71
9198;71
9238;71
9241;71
9243;71
9297;71
9309;71
9310;71
9323;71
9326;71
6077;76
6398;76
8423;76
8771;76
8790;76
9067;76
9167;76
5032;73
5345;73
5348;73
5862;73
5896;73
5930;73
5931;73
5936;73
5937;73
6079;73
7204;73
7205;73
7706;73
7729;73
8528;73
8529;73
8812;73
8816;73
9051;73
9104;73
9124;73
9126;73
9138;73
9195;73
9196;73
9197;73
9225;73
9226;73
5065;78
5119;78
5256;78
5257;78
5292;78
5294;78
5295;78
5296;78
5298;78
5385;78
5389;78
5393;78
5395;78
5397;78
5398;78
5399;78
5400;78
5407;78
5411;78
5412;78
5413;78
5416;78
5417;78
5423;78
5425;78
5426;78
5427;78
5428;78
5429;78
5430;78
5435;78
5439;78
5444;78
5446;78
5447;78
5470;78
5560;78
5561;78
5562;78
5569;78
5718;78
5719;78
5721;78
5722;78
5724;78
5725;78
5726;78
5727;78
5731;78
5733;78
5738;78
5739;78
5741;78
5783;78
5784;78
5785;78
5788;78
5789;78
5951;78
5957;78
5959;78
5961;78
5963;78
5965;78
5966;78
5968;78
5970;78
5972;78
5975;78
5977;78
5979;78
5981;78
5983;78
5985;78
5987;78
5989;78
5991;78
5993;78
5995;78
5997;78
5999;78
6001;78
6004;78
6006;78
6008;78
6010;78
6012;78
6014;78
6016;78
6018;78
6020;78
6022;78
6023;78
6025;78
6030;78
6032;78
6033;78
6035;78
6036;78
6038;78
6040;78
6080;78
6081;78
6086;78
6087;78
6088;78
6089;78
6090;78
6091;78
6101;78
6110;78
6403;78
6404;78
6409;78
6415;78
6416;78
6422;78
6475;78
6486;78
6491;78
6502;78
6512;78
6513;78
6514;78
6515;78
6523;78
6524;78
6525;78
6526;78
6528;78
6529;78
6530;78
6531;78
6539;78
6549;78
6554;78
6558;78
6567;78
6568;78
6570;78
6571;78
6574;78
6575;78
6604;78
6624;78
6625;78
6637;78
6638;78
6652;78
6654;78
7047;78
7049;78
7051;78
7095;78
7096;78
7123;78
7126;78
7127;78
7128;78
7129;78
7130;78
7132;78
7138;78
7139;78
7140;78
7172;78
7174;78
7175;78
7178;78
7179;78
7185;78
7256;78
7257;78
7258;78
7328;78
7518;78
7519;78
7570;78
7582;78
7772;78
7781;78
7931;78
7948;78
7960;78
7961;78
7968;78
7969;78
7979;78
7984;78
7994;78
7997;78
7998;78
7999;78
8000;78
8001;78
8002;78
8003;78
8004;78
8008;78
8013;78
8016;78
8017;78
8021;78
8022;78
8023;78
8024;78
8026;78
8034;78
8039;78
8040;78
8041;78
8046;78
8047;78
8049;78
8050;78
8052;78
8053;78
8054;78
8055;78
8057;78
8067;78
8068;78
8069;78
8070;78
8074;78
8075;78
8077;78
8080;78
8081;78
8083;78
8084;78
8086;78
8090;78
8091;78
8092;78
8095;78
8099;78
8100;78
8101;78
8104;78
8107;78
8108;78
8109;78
8110;78
8111;78
8114;78
8115;78
8116;78
8117;78
8118;78
8119;78
8120;78
8127;78
8128;78
8129;78
8130;78
8131;78
8132;78
8135;78
8144;78
8145;78
8146;78
8147;78
8148;78
8149;78
8156;78
8157;78
8158;78
8160;78
8162;78
8163;78
8164;78
8166;78
8168;78
8169;78
8170;78
8171;78
8173;78
8178;78
8187;78
8199;78
8200;78
8201;78
8216;78
8302;78
8306;78
8405;78
8411;78
8414;78
8415;78
8416;78
8417;78
8419;78
8420;78
8424;78
8458;78
8462;78
8524;78
8536;78
8576;78
8581;78
8805;78
8806;78
8807;78
8808;78
8811;78
8821;78
8824;78
8825;78
9024;78
9028;78
9040;78
9054;78
9071;78
9073;78
9074;78
9075;78
9077;78
9080;78
9086;78
9089;78
9095;78
9100;78
9102;78
9103;78
9112;78
9133;78
9135;78
9136;78
9148;78
9149;78
9152;78
9153;78
9154;78
9155;78
9157;78
9158;78
9160;78
9161;78
9162;78
9163;78
9166;78
9168;78
9237;78
9252;78
9262;78
9274;78
9276;78
9277;78
9509;78
9511;78
9554;78
9565;78
9566;78
9567;78
9574;78
9646;78
9654;78
9656;78
9657;78
9666;78
9682;78
9702;78
9707;78
9754;78
9771;78
9773;78
9774;78
9781;78
9853;78
9860;78
9866;78
9967;78
9968;78
6103;99
6104;99
6107;99
6117;99
6146;99
10037;99
5801;84
5803;84
5810;84
5811;84
5816;84
5818;84
5820;84
5821;84
5823;84
5828;84
5829;84
5831;84
5834;84
5837;84
5840;84
5841;84
5842;84
5843;84
5844;84
5845;84
5846;84
5847;84
5848;84
5849;84
5850;84
5851;84
5852;84
5853;84
5863;84
5866;84
5867;84
5869;84
5871;84
5875;84
5880;84
5889;84
5891;84
5892;84
5893;84
5895;84
5897;84
5901;84
5902;84
5904;84
5905;84
5906;84
5907;84
5908;84
5909;84
5910;84
5911;84
5912;84
5913;84
5915;84
5916;84
5917;84
5918;84
5919;84
5920;84
5921;84
5922;84
5923;84
5924;84
5925;84
5926;84
5927;84
5928;84
5929;84
5932;84
5933;84
5934;84
5935;84
6011;84
6029;84
7440;84
7446;84
7447;84
7448;84
8073;84
8097;84
8183;84
8833;84
8837;84
8838;84
8840;84
8846;84
8890;84
9253;84
9267;84
9301;84
9302;84
9308;84
9316;84
9319;84
9322;84
9348;84
9349;84
9350;84
9351;84
9395;84
9430;84
9420;85
9421;85
9437;85
9444;85
9445;85
9446;85
9447;85
9448;85
9455;85
9456;85
9457;85
9461;85
9473;85
9477;85
9478;85
9479;85
9481;85
9482;85
9483;85
9484;85
9487;85
9488;85
9489;85
8317;68
8319;68
8320;68
8321;68
8324;68
8339;68
8341;68
8342;68
8347;68
8351;68
8356;68
8357;68
8954;68
8968;68
8975;68
8976;68
8979;68
8991;68
9001;68
9004;68
9034;68
9060;68
9061;68
9261;68
9263;68
9275;68
5792;64
6164;64
6165;64
6167;64
6168;64
6195;64
6198;64
6199;64
6203;64
6208;64
6226;64
6227;64
6228;64
6278;64
6281;64
6283;64
6284;64
6286;64
6289;64
6291;64
6292;64
6298;64
6305;64
6308;64
6311;64
6317;64
6318;64
6319;64
6320;64
6323;64
6349;64
6366;64
6367;64
6374;64
6420;64
6429;64
6430;64
6471;64
6472;64
6473;64
6474;64
6476;64
6518;64
6519;64
6520;64
6612;64
6721;64
7066;64
7067;64
7068;64
7069;64
7070;64
7071;64
7073;64
7074;64
7076;64
7078;64
7082;64
7085;64
7087;64
7090;64
7091;64
7098;64
7114;64
7115;64
7135;64
7156;64
7188;64
8308;64
8309;64
8325;64
8329;64
8331;64
8334;64
8335;64
8338;64
8340;64
8343;64
8344;64
8353;64
8358;64
8359;64
8365;64
8367;64
8368;64
8369;64
8373;64
8375;64
8376;64
8377;64
8379;64
8381;64
8384;64
8385;64
8387;64
8388;64
8389;64
8390;64
8391;64
8392;64
8393;64
8394;64
8395;64
8400;64
8401;64
8408;64
8418;64
8432;64
8433;64
8434;64
8435;64
8436;64
8437;64
8438;64
8439;64
8451;64
8452;64
8453;64
8454;64
8455;64
8457;64
8504;64
8507;64
8509;64
8523;64
8527;64
8531;64
8532;64
8550;64
8552;64
8568;64
8580;64
8669;64
8946;64
8947;64
8948;64
8952;64
8956;64
8957;64
8958;64
8959;64
8960;64
8964;64
8965;64
8966;64
8967;64
8977;64
8992;64
9000;64
9006;64
9009;64
9011;64
9012;64
9013;64
9014;64
9015;64
9016;64
9017;64
9018;64
9019;64
9020;64
9022;64
9023;64
9027;64
9029;64
9037;64
9039;64
9042;64
9044;64
9045;64
9046;64
9047;64
9068;64
9069;64
9085;64
9108;64
9141;64
9143;64
9150;64
9165;64
9180;64
9182;64
9248;64
9250;64
9255;64
9314;64
9315;64
6287;65
6321;65
6325;65
6326;65
6327;65
6328;65
6330;65
6333;65
6334;65
6342;65
6343;65
6344;65
6345;65
6346;65
6364;65
6365;65
6390;65
6397;65
6400;65
6401;65
6402;65
6405;65
6406;65
6408;65
6414;65
6428;65
6439;65
6464;65
6467;65
6517;65
6589;65
6608;65
6633;65
7053;65
7054;65
7056;65
7057;65
7058;65
7059;65
7061;65
7062;65
7063;65
7075;65
7077;65
7079;65
7080;65
7081;65
7083;65
7084;65
7086;65
7099;65
7103;65
7104;65
7105;65
7107;65
7111;65
7116;65
7117;65
7118;65
7143;65
7147;65
7148;65
7151;65
8926;65
8934;65
9076;65
9142;65
9144;65
9145;65
9181;65
9210;65
9256;65
9287;65
9289;65
5359;79
5360;79
7725;79
9227;79
9268;79
9269;79
9278;79
9283;79
9312;79
9334;79
9335;79
9336;79
9353;79
9383;79
4973;83
4975;83
4977;83
4979;83
4980;83
5028;83
5029;83
5030;83
5038;83
5063;83
5066;83
5071;83
5072;83
5073;83
5074;83
5075;83
5077;83
5078;83
5079;83
5084;83
5138;83
5180;83
5181;83
5182;83
5183;83
5184;83
5185;83
5186;83
5206;83
5207;83
5208;83
5258;83
5266;83
5317;83
5424;83
5434;83
5436;83
5437;83
5454;83
5459;83
5461;83
5462;83
5465;83
5466;83
5471;83
5472;83
5478;83
5481;83
5496;83
5501;83
5510;83
5512;83
5514;83
5518;83
5568;83
5601;83
5606;83
5610;83
5756;83
5769;83
6028;83
6527;83
6565;83
6566;83
6577;83
6578;83
6579;83
6586;83
6847;83
6853;83
6859;83
6862;83
6880;83
6886;83
6903;83
6905;83
6906;83
6926;83
6928;83
6930;83
6936;83
6938;83
7203;83
7217;83
7219;83
7229;83
7237;83
7248;83
7249;83
7250;83
7259;83
7273;83
7276;83
7279;83
7289;83
7292;83
7293;83
7294;83
7300;83
7304;83
7305;83
7306;83
7307;83
7311;83
7312;83
7322;83
7323;83
7362;83
7363;83
7365;83
7366;83
7373;83
7375;83
7376;83
7379;83
7381;83
7387;83
7388;83
7395;83
7396;83
7402;83
7404;83
7484;83
7731;83
7737;83
7738;83
7749;83
7750;83
7751;83
7752;83
7753;83
7754;83
7755;83
7758;83
7759;83
7760;83
7762;83
7767;83
7862;83
7865;83
7871;83
7876;83
7878;83
7880;83
7882;83
7885;83
7886;83
7972;83
7973;83
7974;83
8076;83
8078;83
8079;83
8085;83
8089;83
8094;83
8098;83
8102;83
8103;83
8113;83
8121;83
8122;83
8124;83
8125;83
8137;83
8138;83
8151;83
8152;83
8154;83
8167;83
8177;83
8179;83
8180;83
8184;83
8189;83
8190;83
8191;83
8194;83
8196;83
8217;83
8226;83
8239;83
8240;83
8246;83
8248;83
8249;83
8251;83
8252;83
8253;83
8267;83
8285;83
8289;83
8293;83
8488;83
8516;83
8526;83
8542;83
8544;83
8549;83
8556;83
8559;83
8561;83
8562;83
8564;83
8566;83
8604;83
8605;83
8608;83
8612;83
8617;83
8631;83
8632;83
8646;83
8652;83
8654;83
8662;83
8666;83
8678;83
8683;83
8688;83
8698;83
8699;83
8700;83
8702;83
8704;83
8705;83
8706;83
8707;83
8708;83
8715;83
8717;83
8796;83
8797;83
8801;83
8810;83
8826;83
8827;83
8832;83
8834;83
8835;83
8836;83
8839;83
8841;83
8842;83
8843;83
8844;83
8845;83
8857;83
8864;83
8865;83
8883;83
8886;83
8889;83
9236;83
9307;83
9330;83
9331;83
9332;83
9347;83
9382;83
9388;83
9389;83
9390;83
9391;83
9802;83
9827;83
9969;83
10032;83
4974;86
4976;86
4978;86
4981;86
4982;86
4983;86
4984;86
4985;86
4987;86
4995;86
5004;86
5009;86
5010;86
5011;86
5012;86
5019;86
5027;86
5068;86
5069;86
5070;86
5124;86
5126;86
5130;86
5131;86
5132;86
5134;86
5136;86
5139;86
5141;86
5143;86
5144;86
5147;86
5149;86
5151;86
5153;86
5209;86
5210;86
5211;86
5213;86
5214;86
5215;86
5216;86
5217;86
5218;86
5220;86
5222;86
5224;86
5228;86
5230;86
5232;86
5234;86
5235;86
5262;86
5264;86
5267;86
5270;86
5272;86
5273;86
5275;86
5303;86
5304;86
5305;86
5306;86
5307;86
5308;86
5309;86
5311;86
5312;86
5313;86
5314;86
5321;86
5322;86
5323;86
5324;86
5325;86
5326;86
5327;86
5329;86
5331;86
5332;86
5335;86
5336;86
5338;86
5456;86
5467;86
5469;86
5479;86
5480;86
5486;86
5488;86
5489;86
5491;86
5494;86
5498;86
5571;86
5572;86
5575;86
5577;86
5591;86
5592;86
5594;86
5596;86
5597;86
5599;86
5600;86
5602;86
5603;86
5604;86
5607;86
5608;86
5611;86
5624;86
5740;86
5743;86
5745;86
5746;86
5747;86
5750;86
5751;86
5753;86
5754;86
5758;86
5794;86
5795;86
5797;86
5802;86
5806;86
5813;86
5815;86
5817;86
5824;86
5826;86
5832;86
5883;86
6057;86
6062;86
6063;86
6064;86
6093;86
6661;86
6681;86
6706;86
6707;86
6708;86
6710;86
6711;86
6719;86
6753;86
6761;86
6763;86
6777;86
6779;86
6780;86
6781;86
6784;86
6785;86
6786;86
6797;86
6799;86
6800;86
6810;86
6811;86
6812;86
6813;86
6818;86
6822;86
6823;86
6824;86
6825;86
6826;86
6827;86
6830;86
6831;86
6832;86
6833;86
6834;86
6835;86
6836;86
6837;86
6838;86
6839;86
6840;86
6841;86
6854;86
6858;86
6860;86
6861;86
6877;86
6878;86
6890;86
6891;86
6892;86
6893;86
6904;86
6909;86
6934;86
6935;86
6952;86
7023;86
7024;86
7029;86
7035;86
7194;86
7200;86
7247;86
7251;86
7252;86
7253;86
7254;86
7255;86
7285;86
7286;86
7309;86
7310;86
7313;86
7314;86
7325;86
7334;86
7335;86
7336;86
7337;86
7338;86
7339;86
7341;86
7342;86
7344;86
7345;86
7346;86
7347;86
7349;86
7351;86
7352;86
7355;86
7358;86
7359;86
7361;86
7369;86
7370;86
7371;86
7372;86
7392;86
7394;86
7397;86
7398;86
7400;86
7407;86
7412;86
7414;86
7415;86
7417;86
7419;86
7428;86
7430;86
7434;86
7437;86
7438;86
7439;86
7442;86
7443;86
7444;86
7445;86
7450;86
7463;86
7468;86
7473;86
7478;86
7811;86
7812;86
7813;86
7814;86
7815;86
7817;86
7824;86
7826;86
7827;86
7829;86
7835;86
7966;86
8222;86
8238;86
8277;86
8278;86
8280;86
8281;86
8288;86
8301;86
8304;86
8307;86
8618;86
8619;86
8620;86
8626;86
8627;86
8635;86
8636;86
8637;86
8639;86
8640;86
8641;86
8642;86
8643;86
8644;86
8647;86
8650;86
8657;86
8658;86
8661;86
8667;86
8668;86
8676;86
8677;86
8689;86
8691;86
8692;86
8694;86
8695;86
8696;86
8697;86
8703;86
8709;86
8820;86
8822;86
8823;86
8847;86
8848;86
8850;86
8852;86
8853;86
8854;86
8855;86
8856;86
8858;86
8859;86
8860;86
8861;86
8862;86
8866;86
8867;86
8868;86
8870;86
8871;86
8872;86
8873;86
8878;86
8880;86
8881;86
8882;86
8893;86
8894;86
8896;86
8911;86
9087;86
9281;86
9285;86
9286;86
9298;86
9299;86
9344;86
9345;86
9346;86
9358;86
9359;86
9361;86
9362;86
9367;86
9368;86
9370;86
9371;86
9373;86
9374;86
9375;86
9376;86
9377;86
9378;86
9379;86
9380;86
9392;86
9396;86
9398;86
9399;86
9414;86
9416;86
9418;86
9438;86
9449;86
9491;86
9498;86
9499;86
9500;86
9502;86
9505;86
9508;86
9516;86
9521;86
9522;86
9523;86
9524;86
9525;86
9526;86
9527;86
9530;86
9542;86
9545;86
9546;86
9547;86
9553;86
9557;86
9564;86
9568;86
9569;86
9599;86
9603;86
9604;86
9605;86
9606;86
9607;86
9608;86
9609;86
9612;86
9624;86
9631;86
9632;86
9634;86
9635;86
9636;86
9642;86
9643;86
9648;86
9655;86
9658;86
9659;86
9683;86
9684;86
9685;86
9686;86
9693;86
9696;86
9701;86
9703;86
9710;86
9716;86
9717;86
9718;86
9719;86
9720;86
9721;86
9722;86
9725;86
9739;86
9743;86
9744;86
9746;86
9747;86
9748;86
9755;86
9761;86
9764;86
9775;86
9776;86
9830;86
9836;86
9855;86
9856;86
9855;86
9856;86
9867;86
9869;86
9870;86
9871;86
9873;86
9874;86
9875;86
9876;86
9877;86
9878;86
9880;86
9953;86
9954;86
9955;86
9970;86
9972;86
9974;86
9976;86
9977;86
9978;86
9979;86
9980;86
9991;86
9992;86
5283;88
5284;88
5285;88
5286;88
5287;88
5288;88
5289;88
5291;88
5692;88
6931;88
6932;88
7461;88
7464;88
7465;88
7500;88
7501;88
7502;88
7503;88
7507;88
7508;88
7509;88
7511;88
7512;88
7513;88
7514;88
7515;88
7837;88
7838;88
7840;88
7844;88
7868;88
7869;88
7873;88
7874;88
7888;88
7889;88
7890;88
7891;88
7892;88
7893;88
7895;88
7896;88
7897;88
7898;88
7899;88
7902;88
7904;88
8274;88
8279;88
8287;88
8720;88
8721;88
8722;88
8723;88
8724;88
8725;88
8726;88
8727;88
8828;88
8829;88
8830;88
9831;88
9832;88
9834;88
9835;88
9838;88
9840;88
9841;88
9847;88
9849;88
9850;88
4988;95
4989;95
4990;95
4991;95
4992;95
4993;95
4994;95
4996;95
4997;95
4998;95
4999;95
5000;95
5001;95
5002;95
5003;95
5005;95
5006;95
5007;95
5008;95
5013;95
5014;95
5015;95
5016;95
5017;95
5018;95
5020;95
5022;95
5023;95
5031;95
5033;95
5034;95
5035;95
5037;95
5039;95
5040;95
5041;95
5043;95
5044;95
5045;95
5046;95
5047;95
5048;95
5101;95
5103;95
5106;95
5133;95
5135;95
5137;95
5140;95
5142;95
5145;95
5148;95
5150;95
5157;95
5158;95
5159;95
5188;95
5189;95
5190;95
5191;95
5192;95
5193;95
5233;95
5241;95
5243;95
5245;95
5247;95
5249;95
5250;95
5333;95
5334;95
5337;95
5339;95
5340;95
5341;95
5342;95
5343;95
5344;95
5350;95
5351;95
5352;95
5353;95
5354;95
5356;95
5358;95
5361;95
5362;95
5363;95
5696;95
5699;95
5700;95
5701;95
5702;95
5704;95
5705;95
5757;95
5759;95
5762;95
5763;95
5764;95
5765;95
5767;95
5768;95
5885;95
5886;95
6097;95
6098;95
6099;95
6100;95
6102;95
6105;95
6108;95
6109;95
6111;95
6114;95
6118;95
6119;95
6120;95
6121;95
6122;95
6124;95
6125;95
6127;95
6128;95
6130;95
6131;95
6133;95
6134;95
6137;95
6138;95
6141;95
6142;95
6143;95
6144;95
6145;95
6149;95
6150;95
6151;95
6152;95
6153;95
6155;95
6157;95
6915;95
6945;95
6946;95
6984;95
6985;95
6986;95
6987;95
6988;95
6989;95
6990;95
6991;95
6992;95
6993;95
7025;95
7028;95
7030;95
7033;95
7034;95
7413;95
7416;95
7418;95
7421;95
7422;95
7433;95
7435;95
7454;95
7455;95
7456;95
7459;95
7472;95
7819;95
7836;95
7843;95
7863;95
7864;95
7867;95
7870;95
7894;95
7900;95
7901;95
7903;95
7905;95
8294;95
8295;95
8296;95
8297;95
8298;95
8299;95
8831;95
8897;95
8898;95
8899;95
8900;95
8901;95
8902;95
8903;95
8904;95
8905;95
8906;95
8907;95
8908;95
8909;95
8910;95
8912;95
8913;95
8914;95
8915;95
8916;95
8917;95
9372;95
9458;95
9459;95
9462;95
9463;95
9464;95
9466;95
9468;95
9469;95
9470;95
9471;95
9472;95
9475;95
9476;95
9480;95
9485;95
9486;95
9493;95
9494;95
9497;95
9501;95
9503;95
9504;95
9506;95
9507;95
9510;95
9512;95
9513;95
9514;95
9517;95
9518;95
9519;95
9528;95
9531;95
9532;95
9533;95
9534;95
9535;95
9536;95
9538;95
9541;95
9543;95
9548;95
9551;95
9552;95
9555;95
9556;95
9558;95
9563;95
9571;95
9572;95
9575;95
9577;95
9578;95
9579;95
9580;95
9581;95
9582;95
9583;95
9584;95
9585;95
9586;95
9587;95
9588;95
9588;95
9589;95
9590;95
9591;95
9592;95
9593;95
9594;95
9595;95
9596;95
9597;95
9600;95
9601;95
9610;95
9613;95
9614;95
9615;95
9616;95
9617;95
9618;95
9620;95
9623;95
9625;95
9626;95
9627;95
9628;95
9633;95
9637;95
9640;95
9641;95
9644;95
9645;95
9647;95
9649;95
9653;95
9661;95
9662;95
9663;95
9665;95
9669;95
9676;95
9679;95
9691;95
9694;95
9695;95
9697;95
9698;95
9699;95
9700;95
9704;95
9705;95
9706;95
9708;95
9711;95
9713;95
9723;95
9726;95
9727;95
9728;95
9729;95
9730;95
9731;95
9733;95
9736;95
9738;95
9740;95
9741;95
9745;95
9749;95
9752;95
9753;95
9756;95
9760;95
9762;95
9765;95
9770;95
9772;95
9778;95
9779;95
9782;95
9785;95
9787;95
9788;95
9789;95
9790;95
9791;95
9792;95
9793;95
9795;95
9796;95
9797;95
9798;95
9803;95
9804;95
9805;95
9806;95
9807;95
9809;95
9810;95
9811;95
9812;95
9813;95
9814;95
9815;95
9816;95
9817;95
9818;95
9819;95
9822;95
9823;95
9828;95
9833;95
9837;95
9839;95
9844;95
9845;95
9846;95
9848;95
9851;95
9858;95
9906;95
9907;95
9908;95
9909;95
9910;95
9911;95
9912;95
9916;95
9918;95
9920;95
9921;95
9922;95
9923;95
9924;95
9925;95
9926;95
9927;95
9928;95
9929;95
9930;95
9942;95
9943;95
9945;95
9946;95
9948;95
9956;95
5157;95
5158;95
9959;95
9960;95
9961;95
9962;95
9964;95
9965;95
9966;95
9982;95
9985;95
9988;95
9989;95
9990;95
9993;95
9994;95
9995;95
9996;95
9997;95
9998;95
9999;95
10002;95
10003;95
10004;95
10005;95
10006;95
10007;95
10008;95
10009;95
10010;95
10011;95
10012;95
10013;95
10014;95
10015;95
10016;95
10017;95
10018;95
10019;95
10020;95
10021;95
10022;95
10023;95
10024;95
10025;95
10026;95
10027;95
10028;95
10029;95
10030;95
10031;95
5190;95
10034;95
10035;95
10039;95
10040;95
10041;95
10042;95
10043;95
10044;95
5021;96
5036;96
5042;96
5261;96
5263;96
5265;96
5268;96
5271;96
5274;96
5276;96
5796;96
5798;96
5805;96
5807;96
6115;96
6148;96
6828;96
6829;96
6916;96
6917;96
6919;96
6939;96
6940;96
6941;96
6942;96
6956;96
6957;96
6958;96
6959;96
6978;96
6980;96
6981;96
6982;96
7026;96
7027;96
7031;96
7032;96
7480;96
7482;96
7483;96
7491;96
7492;96
7493;96
7494;96
7504;96
7505;96
7506;96
7510;96
7801;96
7857;96
8719;96
9402;96
9403;96
9404;96
9423;96
9424;96
9425;96
9426;96
9439;96
9440;96
9441;96
9442;96
9443;96
9454;96
9465;96
9467;96
9490;96
9492;96
9495;96
9496;96
9515;96
9520;96
9529;96
9537;96
9539;96
9540;96
9544;96
9549;96
9550;96
9559;96
9560;96
9561;96
9562;96
9570;96
9573;96
9576;96
9598;96
9602;96
9611;96
9619;96
9621;96
9622;96
9629;96
9630;96
9638;96
9639;96
9650;96
9651;96
9652;96
9660;96
9664;96
9667;96
9668;96
9670;96
9673;96
9674;96
9681;96
9687;96
9688;96
9689;96
9690;96
9692;96
9709;96
9714;96
9715;96
9724;96
9732;96
9734;96
9735;96
9737;96
9742;96
9750;96
9751;96
9757;96
9758;96
9759;96
9763;96
9767;96
9768;96
9769;96
9777;96
9780;96
9783;96
9784;96
9786;96
9794;96
9799;96
9800;96
9820;96
9824;96
9825;96
9829;96
9854;96
9857;96
9854;96
9857;96
9872;96
9887;96
9895;96
9896;96
9898;96
9900;96
9901;96
9902;96
9903;96
9904;96
9905;96
9932;96
9934;96
9936;96
5212;98
5219;98
5223;98
5227;98
5229;98
5234;98
5236;98
5237;98
5238;98
5239;98
5240;98
5242;98
5244;98
5246;98
5248;98
5570;98
5573;98
5579;98
5580;98
5619;98
5622;98
5625;98
5632;98
5633;98
5638;98
5640;98
5644;98
5646;98
5647;98
5651;98
5653;98
5654;98
5655;98
5657;98
5659;98
5662;98
5664;98
5665;98
5666;98
5667;98
5825;98
5858;98
5873;98
6116;98
6123;98
6126;98
6129;98
6132;98
6135;98
6136;98
6139;98
6140;98
6147;98
6154;98
6156;98
6999;98
7000;98
7001;98
7004;98
7786;98
7789;98
7791;98
7792;98
7793;98
7794;98
7796;98
7798;98
7799;98
7800;98
7802;98
7804;98
7807;98
7808;98
7809;98
7810;98
7821;98
7822;98
7823;98
7839;98
7841;98
7845;98
7846;98
7847;98
7848;98
7849;98
7850;98
7851;98
7852;98
7853;98
7854;98
7855;98
7856;98
7858;98
7859;98
7860;98
7861;98
7866;98
7872;98
7875;98
7877;98
7879;98
7881;98
7883;98
7884;98
7887;98
7917;98
7921;98
8300;98
9671;98
9675;98
9677;98
9678;98
9801;98
9808;98
9821;98
9826;98
9842;98
9843;98
9852;98
9859;98
9865;98
9931;98
9933;98
9935;98
9937;98
9938;98
9939;98
9940;98
9941;98
9944;98
9947;98
9971;98
5227;98
9975;98
9981;98
5237;98
9984;98
9986;98
9987;98
10000;98
10001;98
10036;98
10038;98
4959;70
4960;70
4961;70
4962;70
4963;70
4964;70
4965;70
4970;70
5024;70
5025;70
5026;70
5049;70
5050;70
5051;70
5052;70
5055;70
5056;70
5057;70
5058;70
5059;70
5107;70
5196;70
5201;70
5202;70
5251;70
5252;70
5364;70
5365;70
5366;70
5367;70
5368;70
5369;70
5370;70
5371;70
5372;70
5373;70
5374;70
5375;70
5376;70
5377;70
5378;70
5379;70
5380;70
5382;70
5383;70
5384;70
5386;70
5387;70
5390;70
5391;70
5392;70
5394;70
5401;70
5402;70
5403;70
5404;70
5405;70
5406;70
5409;70
5422;70
5432;70
5433;70
5442;70
5443;70
5460;70
5549;70
5550;70
5551;70
5552;70
5553;70
5554;70
5555;70
5556;70
5582;70
5583;70
5584;70
5585;70
5586;70
5587;70
5709;70
5711;70
5712;70
5713;70
5723;70
5734;70
5771;70
5938;70
5939;70
5940;70
5942;70
5943;70
5944;70
5945;70
5946;70
5947;70
5948;70
5949;70
5950;70
5952;70
5953;70
5954;70
5955;70
5956;70
6158;70
6163;70
6172;70
6173;70
6175;70
6176;70
6177;70
6180;70
6183;70
6186;70
6187;70
6191;70
6193;70
6204;70
6205;70
6206;70
6209;70
6210;70
6211;70
6213;70
6214;70
6217;70
6218;70
6219;70
6220;70
6224;70
6225;70
6229;70
6230;70
6231;70
6232;70
6233;70
6234;70
6235;70
6236;70
6237;70
6238;70
6239;70
6240;70
6242;70
6243;70
6244;70
6247;70
6248;70
6250;70
6252;70
6253;70
6255;70
6256;70
6257;70
6258;70
6263;70
6264;70
6269;70
6270;70
6279;70
6282;70
6288;70
6290;70
6296;70
6302;70
6322;70
6332;70
6335;70
6336;70
6337;70
6339;70
6340;70
6341;70
6359;70
6368;70
6369;70
6372;70
6373;70
6378;70
6381;70
6386;70
6410;70
6412;70
6424;70
6425;70
6426;70
6427;70
6436;70
6438;70
6481;70
6534;70
6591;70
6615;70
6617;70
7005;70
7011;70
7015;70
7037;70
7038;70
7039;70
7040;70
7041;70
7042;70
7043;70
7044;70
7045;70
7088;70
7089;70
7109;70
7110;70
7112;70
7120;70
7149;70
7152;70
7155;70
7159;70
7283;70
7284;70
7516;70
7517;70
7520;70
7524;70
7526;70
7528;70
7530;70
7535;70
7536;70
7537;70
7538;70
7539;70
7540;70
7541;70
7543;70
7544;70
7546;70
7550;70
7552;70
7559;70
7561;70
7564;70
7565;70
7566;70
7573;70
7574;70
7575;70
7576;70
7580;70
7627;70
7628;70
7632;70
7633;70
7634;70
7637;70
7638;70
7640;70
7641;70
7646;70
7650;70
7651;70
7655;70
7659;70
7662;70
7771;70
7922;70
7923;70
7924;70
7925;70
7926;70
7927;70
7928;70
7929;70
7930;70
7932;70
7933;70
7934;70
7935;70
7936;70
7937;70
7938;70
7939;70
7940;70
7941;70
7942;70
7943;70
7944;70
7945;70
7946;70
7956;70
7957;70
7975;70
7976;70
7977;70
7978;70
7980;70
7981;70
7982;70
7983;70
7985;70
7986;70
7987;70
7988;70
7989;70
7990;70
7991;70
7992;70
7993;70
7995;70
7996;70
8006;70
8007;70
8009;70
8010;70
8011;70
8012;70
8014;70
8015;70
8018;70
8019;70
8020;70
8025;70
8027;70
8028;70
8029;70
8030;70
8031;70
8032;70
8033;70
8035;70
8036;70
8037;70
8038;70
8042;70
8043;70
8045;70
8048;70
8056;70
8058;70
8061;70
8062;70
8063;70
8064;70
8071;70
8310;70
8311;70
8312;70
8313;70
8314;70
8315;70
8316;70
8318;70
8322;70
8323;70
8327;70
8328;70
8330;70
8332;70
8333;70
8336;70
8337;70
8345;70
8346;70
8348;70
8349;70
8350;70
8352;70
8354;70
8361;70
8362;70
8364;70
8366;70
8370;70
8372;70
8396;70
8398;70
8403;70
8406;70
8413;70
8440;70
8441;70
8456;70
8465;70
8467;70
8475;70
8476;70
8501;70
8503;70
8510;70
8519;70
8520;70
8569;70
8579;70
8607;70
8613;70
8729;70
8730;70
8733;70
8734;70
8737;70
8738;70
8739;70
8918;70
8919;70
8920;70
8921;70
8922;70
8923;70
8924;70
8927;70
8929;70
8930;70
8931;70
8932;70
8933;70
8935;70
8936;70
8937;70
8938;70
8939;70
8940;70
8941;70
8942;70
8943;70
8944;70
8945;70
8950;70
8951;70
8961;70
8962;70
8963;70
8970;70
8971;70
8972;70
8973;70
8974;70
8978;70
8983;70
8989;70
8990;70
8993;70
8994;70
8995;70
8996;70
8997;70
8999;70
9007;70
9025;70
9026;70
9030;70
9033;70
9035;70
9036;70
9043;70
9048;70
9055;70
9057;70
9064;70
9066;70
9091;70
9092;70
9093;70
9097;70
9127;70
9128;70
9129;70
9131;70
9137;70
9313;70
9327;70
5109;151
5110;151
5112;151
5113;151
5114;151
5115;151
5473;151
5474;151
5475;151
5476;151
5477;151
5482;151
5483;151
5484;151
5485;151
5772;151
5778;151
5779;151
5780;151
6085;151
6478;151
6536;151
6538;151
6670;151
6676;151
7048;151
7050;151
7624;151
7643;151
7647;151
7648;151
7653;151
7661;151
7665;151
7667;151
7669;151
7670;151
7671;151
7673;151
7674;151
7676;151
7677;151
7678;151
7679;151
7680;151
7681;151
7682;151
7683;151
7690;151
7694;151
7698;151
7699;151
7703;151
7705;151
7709;151
7711;151
7713;151
7718;151
7724;151
7727;151
7728;151
7733;151
7736;151
7775;151
7779;151
7780;151
7959;151
8402;151
8409;151
8412;151
8425;151
8443;151
8445;151
8471;151
8472;151
8487;151
8490;151
8546;151
8557;151
8728;151
8731;151
8732;151
8736;151
8740;151
8743;151
8749;151
8752;151
8756;151
8757;151
8761;151
8762;151
8763;151
8767;151
8769;151
8777;151
9081;151
9101;151
9105;151
9106;151
9107;151
9120;151
9121;151
9134;151
9192;151
5156;74
5421;74
5431;74
5438;74
5449;74
5451;74
5524;74
5790;74
6185;74
6262;74
6350;74
6351;74
6375;74
6377;74
6388;74
6395;74
6396;74
6423;74
6431;74
6434;74
6442;74
6449;74
6450;74
6456;74
6457;74
6458;74
6459;74
6460;74
6462;74
6463;74
6468;74
6489;74
6495;74
6497;74
6498;74
6499;74
6505;74
6506;74
6507;74
6521;74
6522;74
6541;74
6547;74
6548;74
6550;74
6552;74
6553;74
6557;74
6559;74
6560;74
6561;74
6562;74
6572;74
6573;74
6576;74
6580;74
6581;74
6582;74
6596;74
6600;74
6601;74
6602;74
6613;74
6616;74
6618;74
6619;74
6620;74
6662;74
6669;74
6705;74
6729;74
6732;74
6734;74
6735;74
6749;74
7097;74
7108;74
7113;74
7122;74
7124;74
7125;74
7133;74
7141;74
7142;74
7150;74
7153;74
7154;74
7157;74
7158;74
7173;74
7176;74
7193;74
7521;74
7522;74
7529;74
8005;74
8059;74
8072;74
8093;74
8105;74
8123;74
8133;74
8150;74
8161;74
8193;74
8407;74
8410;74
8422;74
8426;74
8429;74
8430;74
8431;74
8442;74
8459;74
8460;74
8461;74
8463;74
8464;74
8469;74
8477;74
8478;74
8482;74
8497;74
8498;74
8505;74
8511;74
8513;74
8514;74
8521;74
8765;74
9118;74
9170;74
9171;74
9185;74
9213;74
9214;74
9223;74
9232;74
9235;74
5598;74
5609;74
4972;77
4986;77
5060;77
5061;77
5062;77
5067;77
5076;77
5080;77
5083;77
5090;77
5102;77
5105;77
5146;77
5174;77
5177;77
5178;77
5179;77
5205;77
5221;77
5225;77
5226;77
5231;77
5269;77
5280;77
5419;77
5516;77
5519;77
5520;77
5523;77
5540;77
5541;77
5542;77
5543;77
5544;77
5545;77
5546;77
5547;77
5548;77
5564;77
5566;77
5588;77
5589;77
5612;77
5671;77
5755;77
5770;77
6417;77
6418;77
6432;77
6433;77
6453;77
6454;77
6490;77
6494;77
6496;77
6503;77
6535;77
6537;77
6563;77
6564;77
6647;77
6656;77
6668;77
6698;77
6703;77
6712;77
6736;77
6738;77
6741;77
6750;77
6751;77
6752;77
6755;77
6757;77
6759;77
6782;77
6783;77
6787;77
6788;77
6789;77
6790;77
6791;77
6792;77
6793;77
6795;77
6796;77
6842;77
6851;77
6856;77
6864;77
6895;77
6896;77
7131;77
7134;77
7168;77
7170;77
7177;77
7216;77
7230;77
7231;77
7235;77
7295;77
7296;77
7297;77
7298;77
7299;77
7301;77
7302;77
7315;77
7316;77
7324;77
7353;77
7354;77
7360;77
7364;77
7367;77
7368;77
7377;77
7380;77
7389;77
7390;77
7399;77
7401;77
7403;77
7405;77
7406;77
7423;77
7426;77
7427;77
7429;77
7523;77
7527;77
7548;77
7549;77
7553;77
7554;77
7555;77
7556;77
7557;77
7583;77
7585;77
7588;77
7590;77
7591;77
7594;77
7595;77
7597;77
7685;77
7686;77
7687;77
7688;77
7689;77
7691;77
7692;77
7693;77
7696;77
7697;77
7700;77
7701;77
7702;77
7704;77
7707;77
7708;77
7710;77
7714;77
7715;77
7716;77
7717;77
7719;77
7720;77
7721;77
7722;77
7723;77
7726;77
7730;77
7732;77
7734;77
7735;77
7739;77
7740;77
7741;77
7742;77
7743;77
7744;77
7745;77
7746;77
7747;77
7756;77
7757;77
7761;77
7763;77
7764;77
7765;77
7766;77
8060;77
8106;77
8112;77
8143;77
8153;77
8155;77
8159;77
8165;77
8192;77
8404;77
8444;77
8468;77
8470;77
8491;77
8495;77
8496;77
8525;77
8530;77
8534;77
8535;77
8537;77
8538;77
8539;77
8540;77
8541;77
8548;77
8551;77
8590;77
8591;77
8592;77
8594;77
8595;77
8596;77
8597;77
8598;77
8601;77
8615;77
8616;77
8623;77
8624;77
8625;77
8628;77
8629;77
8630;77
8633;77
8634;77
8645;77
8648;77
8649;77
8651;77
8653;77
8655;77
8656;77
8670;77
8671;77
8679;77
8681;77
8684;77
8685;77
8687;77
8701;77
8710;77
8711;77
8712;77
8713;77
8714;77
8716;77
8764;77
8768;77
8782;77
8784;77
8785;77
8786;77
8787;77
8792;77
8793;77
8794;77
8795;77
8798;77
8800;77
8802;77
8809;77
8813;77
8814;77
8815;77
8817;77
8818;77
8819;77
9098;77
9122;77
9123;77
9199;77
9207;77
9228;77
9229;77
9230;77
9231;77
9234;77
9258;77
9264;77
9290;77
9311;77
9318;77
9320;77
9321;77
9324;77
9325;77
9354;77
9356;77
9369;77
5282;80
5318;80
5319;80
5328;80
5511;80
5515;80
5631;80
5661;80
5668;80
5669;80
5673;80
6640;80
6643;80
6644;80
6646;80
6650;80
6655;80
6666;80
6667;80
6671;80
6672;80
6677;80
6693;80
6695;80
6697;80
6700;80
6701;80
6702;80
6704;80
6731;80
6733;80
6737;80
6739;80
6740;80
6742;80
6743;80
6744;80
6756;80
6758;80
6772;80
6776;80
6894;80
6897;80
6898;80
6899;80
6900;80
6901;80
6902;80
6907;80
6908;80
6910;80
6912;80
7321;80
7326;80
7327;80
7330;80
7409;80
7424;80
7425;80
7451;80
7452;80
7584;80
7586;80
7587;80
7589;80
7592;80
7593;80
7596;80
7598;80
7599;80
7600;80
7601;80
7602;80
7603;80
7604;80
7695;80
7712;80
7748;80
7915;80
7916;80
7918;80
7919;80
7920;80
8680;80
8682;80
8748;80
8751;80
8754;80
8758;80
8759;80
8760;80
8766;80
8770;80
8772;80
8773;80
8774;80
8775;80
8776;80
8778;80
8779;80
8780;80
8781;80
8783;80
8788;80
8789;80
8791;80
9175;80
9183;80
9184;80
9224;80
9254;80
9279;80
9280;80
9282;80
9284;80
9333;80
9355;80
9357;80
9360;80
9363;80
9384;80
9385;80
9386;80
9387;80
9393;80
9394;80
9401;80
9427;80
9431;80
9432;80
9433;80
9435;80
9436;80
5617;152
5636;152
5649;152
5672;152
5677;152
5684;152
5685;152
5787;152
6465;152
6584;152
6585;152
6587;152
6588;152
6590;152
6592;152
6593;152
6594;152
6595;152
6597;152
6598;152
6599;152
6621;152
6622;152
6673;152
6674;152
6728;152
6746;152
6747;152
6748;152
6754;152
6794;152
6798;152
6801;152
6802;152
6803;152
6804;152
6805;152
6806;152
6807;152
6808;152
6819;152
6820;152
6821;152
6843;152
6844;152
6845;152
6846;152
6848;152
6849;152
6852;152
6865;152
6866;152
6869;152
6870;152
6873;152
6874;152
6875;152
6876;152
6881;152
6882;152
6883;152
6884;152
6885;152
6887;152
6888;152
6889;152
6918;152
6921;152
6925;152
6927;152
6929;152
6933;152
6937;152
6950;152
6951;152
6953;152
6955;152
6960;152
6961;152
6962;152
6963;152
6964;152
6965;152
6967;152
6968;152
6969;152
6970;152
6971;152
6972;152
6973;152
6974;152
7605;152
7606;152
7607;152
7608;152
7609;152
7610;152
7611;152
7612;152
7613;152
7614;152
7615;152
7616;152
7617;152
7618;152
7619;152
7620;152
7622;152
8675;152
8799;152
8803;152
8804;152
9292;152
9293;152
9405;152
9406;152
9407;152
9408;152
9409;152
9410;152
9411;152
9412;152
9413;152
9419;152
9453;152
9460;152
9474;152
4966;75
4967;75
4968;75
4969;75
4971;75
5053;75
5054;75
5064;75
5094;75
5108;75
5111;75
5116;75
5117;75
5118;75
5167;75
5168;75
5169;75
5170;75
5171;75
5172;75
5173;75
5175;75
5176;75
5194;75
5195;75
5197;75
5198;75
5199;75
5200;75
5203;75
5204;75
5253;75
5254;75
5255;75
5293;75
5297;75
5300;75
5302;75
5315;75
5316;75
5346;75
5347;75
5349;75
5381;75
5388;75
5396;75
5408;75
5410;75
5539;75
5613;75
5660;75
5670;75
5698;75
5728;75
5735;75
5941;75
6159;75
6161;75
6169;75
6170;75
6174;75
6178;75
6181;75
6184;75
6188;75
6189;75
6190;75
6192;75
6212;75
6215;75
6216;75
6246;75
6261;75
6271;75
6306;75
6307;75
6314;75
6329;75
6331;75
6347;75
6356;75
6357;75
6360;75
6361;75
6362;75
6363;75
6370;75
6371;75
6384;75
6385;75
6391;75
6392;75
6393;75
6394;75
6407;75
6411;75
6419;75
6421;75
6447;75
6448;75
6451;75
6455;75
6461;75
6469;75
6470;75
6479;75
6480;75
6484;75
6485;75
6487;75
6488;75
6492;75
6493;75
6504;75
6508;75
6509;75
6510;75
6542;75
6543;75
6544;75
6545;75
6546;75
6583;75
6603;75
6605;75
6606;75
6607;75
6614;75
6623;75
6663;75
6664;75
6691;75
6692;75
6730;75
6911;75
6913;75
6920;75
6996;75
6998;75
7006;75
7007;75
7008;75
7009;75
7010;75
7012;75
7014;75
7016;75
7017;75
7018;75
7019;75
7020;75
7241;75
7242;75
7449;75
7525;75
7531;75
7532;75
7533;75
7534;75
7542;75
7545;75
7547;75
7551;75
7558;75
7560;75
7562;75
7563;75
7567;75
7568;75
7569;75
7571;75
7572;75
7577;75
7578;75
7579;75
7581;75
7625;75
7626;75
7629;75
7630;75
7631;75
7635;75
7636;75
7639;75
7642;75
7644;75
7645;75
7649;75
7652;75
7654;75
7656;75
7657;75
7658;75
7660;75
7663;75
7664;75
7666;75
7668;75
7672;75
7675;75
7684;75
7776;75
7777;75
7778;75
7911;75
7912;75
7914;75
7949;75
7950;75
7951;75
7953;75
7954;75
7955;75
8044;75
8051;75
8363;75
8382;75
8383;75
8397;75
8399;75
8428;75
8474;75
8479;75
8578;75
8735;75
8741;75
8744;75
8745;75
8746;75
8755;75
8925;75
8928;75
8953;75
8955;75
8980;75
8981;75
8982;75
8984;75
8985;75
8986;75
8987;75
8988;75
9002;75
9003;75
9038;75
9056;75
9088;75
9090;75
9094;75
9113;75
9151;75
9169;75
9172;75
9173;75
9174;75
9189;75
9200;75
9201;75
9202;75
9203;75
9204;75
9205;75
9206;75
9211;75
9212;75
9222;75
9233;75
9270;75
9271;75
9434;75
5793;100
7495;100
7783;100
5081;87
5082;87
5085;87
5086;87
5087;87
5088;87
5089;87
5091;87
5092;87
5093;87
5095;87
5096;87
5097;87
5098;87
5099;87
5100;87
5104;87
5152;87
5154;87
5155;87
5160;87
5161;87
5162;87
5163;87
5164;87
5165;87
5166;87
5187;87
5277;87
5278;87
5279;87
5281;87
5290;87
5355;87
5357;87
5490;87
5499;87
5500;87
5502;87
5503;87
5504;87
5505;87
5506;87
5507;87
5508;87
5509;87
5513;87
5517;87
5521;87
5522;87
5563;87
5565;87
5593;87
5605;87
5618;87
5628;87
5630;87
5635;87
5648;87
5678;87
5679;87
5681;87
5683;87
5687;87
5688;87
5689;87
5691;87
5694;87
5695;87
5697;87
5703;87
5706;87
5707;87
5708;87
5749;87
5766;87
5786;87
5914;87
6094;87
6095;87
6096;87
6106;87
6112;87
6113;87
6665;87
6850;87
6868;87
6871;87
6872;87
6879;87
6943;87
6944;87
6949;87
6954;87
6966;87
6975;87
6976;87
6977;87
6979;87
6983;87
7002;87
7003;87
7013;87
7021;87
7022;87
7052;87
7303;87
7329;87
7382;87
7383;87
7384;87
7385;87
7386;87
7453;87
7466;87
7467;87
7469;87
7470;87
7471;87
7474;87
7475;87
7476;87
7477;87
7479;87
7481;87
7485;87
7486;87
7487;87
7488;87
7489;87
7490;87
7496;87
7497;87
7498;87
7499;87
7621;87
7623;87
7768;87
7769;87
7770;87
7825;87
7828;87
7830;87
7831;87
7832;87
7833;87
7842;87
8096;87
8136;87
8139;87
8140;87
8185;87
8186;87
8204;87
8205;87
8206;87
8207;87
8208;87
8210;87
8211;87
8212;87
8213;87
8214;87
8218;87
8219;87
8220;87
8221;87
8223;87
8224;87
8229;87
8230;87
8231;87
8232;87
8233;87
8234;87
8236;87
8237;87
8241;87
8242;87
8243;87
8244;87
8245;87
8247;87
8250;87
8255;87
8256;87
8257;87
8258;87
8259;87
8260;87
8261;87
8262;87
8264;87
8265;87
8266;87
8268;87
8269;87
8270;87
8272;87
8273;87
8275;87
8276;87
8282;87
8283;87
8284;87
8286;87
8290;87
8291;87
8292;87
8603;87
8610;87
8660;87
8672;87
8673;87
8674;87
8686;87
8690;87
8693;87
8718;87
8849;87
8851;87
8869;87
8874;87
8875;87
8876;87
8877;87
8879;87
8884;87
8885;87
8887;87
8888;87
8891;87
8892;87
8895;87
9352;87
9397;87
9400;87
9415;87
9417;87
9422;87
9428;87
9429;87
9450;87
9452;87
9879;87
9882;87
9883;87
9913;87
9914;87
9915;87
9917;87
9919;87
9949;87
5104;87
9951;87
9952;87
9963;87
6179;69
6182;69
6197;69
6241;69
6245;69
6249;69
6251;69
6254;69
6259;69
6260;69
6265;69
6267;69
6272;69
6642;69
